﻿<?xml version="1.0" encoding="utf-8"?>
<Dates>
  <Date value="09-01-2018">
    <T1400 In="0" Out="0" />
    <T1401 In="14" Out="4" />
    <T1405 In="21" Out="7" />
    <T1426 In="28" Out="13" />
    <T1426 In="32" Out="24" />
    <T1428 In="48" Out="27" />
    <T1430 In="51" Out="39" />
    <T1431 In="74" Out="39" />
    <T1433 In="87" Out="60" />
    <T1434 In="97" Out="50" />
    <T1435 In="98" Out="51" />
    <T1436 In="99" Out="52" />
    <T1437 In="100" Out="54" />
    <T1438 In="109" Out="82" />
    <T1440 In="119" Out="102" />
    <T1441 In="139" Out="122" />
    <T1442 In="241" Out="122" />
    <T1442 In="342" Out="222" />
    <T1443 In="242" Out="174" />
    <T1444 In="243" Out="175" />
    <T1445 In="244" Out="177" />
    <T1446 In="248" Out="179" />
    <T1447 In="349" Out="223" />
    <T1448 In="349" Out="223" />
    <T1449 In="349" Out="223" />
    <T1450 In="349" Out="223" />
    <T1451 In="349" Out="223" />
    <T1452 In="349" Out="223" />
    <T1453 In="170" Out="90" />
    <T1454 In="170" Out="90" />
    <T1455 In="209" Out="113" />
    <T1456 In="209" Out="113" />
    <T1457 In="210" Out="113" />
    <T1458 In="210" Out="113" />
    <T1459 In="208" Out="110" />
    <T1500 In="210" Out="113" />
    <T1501 In="210" Out="113" />
    <T1502 In="219" Out="115" />
    <T1502 In="221" Out="116" />
    <T1503 In="221" Out="116" />
    <T1505 In="10" Out="4" />
    <T1504 In="221" Out="116" />
    <T1505 In="221" Out="116" />
    <T1506 In="226" Out="117" />
    <T1507 In="229" Out="117" />
    <T1507 In="229" Out="118" />
    <T1508 In="229" Out="118" />
    <T1509 In="229" Out="118" />
    <T1510 In="217" Out="155" />
    <T1511 In="217" Out="155" />
    <T1512 In="217" Out="155" />
    <T1513 In="307" Out="284" />
    <T1514 In="366" Out="377" />
    <T1514 In="383" Out="410" />
    <T1514 In="423" Out="589" />
    <T1515 In="425" Out="599" />
    <T1516 In="425" Out="599" />
    <T1517 In="425" Out="599" />
    <T1518 In="425" Out="599" />
    <T1519 In="425" Out="599" />
    <T1520 In="425" Out="599" />
    <T1525 In="425" Out="599" />
    <T1526 In="425" Out="599" />
    <T1527 In="425" Out="599" />
    <T1528 In="425" Out="599" />
    <T1529 In="425" Out="599" />
    <T1530 In="242" Out="210" />
    <T1531 In="242" Out="210" />
    <T1532 In="232" Out="180" />
    <T1533 In="232" Out="180" />
    <T1534 In="222" Out="150" />
    <T1535 In="210" Out="130" />
    <T1536 In="200" Out="190" />
    <T1537 In="198" Out="191" />
    <T1538 In="196" Out="189" />
    <T1538 In="192" Out="182" />
    <T1538 In="189" Out="179" />
    <T1540 In="180" Out="175" />
    <T1541 In="172" Out="174" />
    <T1542 In="169" Out="161" />
    <T1543 In="169" Out="160" />
    <T1544 In="169" Out="158" />
    <T1545 In="169" Out="156" />
    <T1546 In="161" Out="146" />
    <T1548 In="158" Out="144" />
    <T1549 In="158" Out="144" />
    <T1550 In="159" Out="159" />
    <T1551 In="161" Out="149" />
    <T1552 In="162" Out="168" />
    <T1553 In="164" Out="150" />
    <T1554 In="158" Out="160" />
    <T1555 In="110" Out="90" />
    <T1556 In="110" Out="90" />
    <T1557 In="110" Out="90" />
    <T1558 In="110" Out="90" />
    <T1559 In="110" Out="90" />
    <T1600 In="0" Out="0" />
    <T1601 In="210" Out="113" />
    <T1602 In="219" Out="115" />
    <T1602 In="221" Out="116" />
    <T1603 In="221" Out="116" />
    <T1605 In="10" Out="4" />
    <T1604 In="221" Out="116" />
    <T1605 In="221" Out="116" />
    <T1606 In="226" Out="117" />
    <T1607 In="229" Out="117" />
    <T1607 In="229" Out="118" />
    <T1608 In="229" Out="118" />
    <T1609 In="229" Out="118" />
    <T1610 In="217" Out="155" />
    <T1611 In="217" Out="155" />
    <T1612 In="217" Out="155" />
    <T1613 In="307" Out="284" />
    <T1614 In="366" Out="377" />
    <T1614 In="383" Out="410" />
    <T1614 In="423" Out="589" />
    <T1615 In="425" Out="599" />
    <T1516 In="425" Out="599" />
    <T1617 In="425" Out="599" />
    <T1618 In="425" Out="599" />
    <T1619 In="425" Out="599" />
    <T1620 In="425" Out="599" />
    <T1625 In="425" Out="599" />
    <T1626 In="425" Out="599" />
    <T1627 In="425" Out="599" />
    <T1628 In="425" Out="599" />
    <T1629 In="425" Out="599" />
    <T1630 In="242" Out="210" />
    <T1631 In="242" Out="210" />
    <T1632 In="232" Out="180" />
    <T1633 In="232" Out="180" />
    <T1634 In="222" Out="150" />
    <T1635 In="210" Out="130" />
    <T1636 In="200" Out="190" />
    <T1637 In="198" Out="191" />
    <T1638 In="196" Out="189" />
    <T1638 In="192" Out="182" />
    <T1638 In="189" Out="179" />
    <T1640 In="180" Out="175" />
    <T1641 In="172" Out="174" />
    <T1642 In="169" Out="161" />
    <T1643 In="169" Out="160" />
    <T1644 In="169" Out="158" />
    <T1645 In="169" Out="156" />
    <T1646 In="161" Out="146" />
    <T1648 In="158" Out="144" />
    <T1649 In="158" Out="144" />
    <T1650 In="159" Out="159" />
    <T1651 In="161" Out="149" />
    <T1652 In="162" Out="168" />
    <T1653 In="164" Out="150" />
    <T1654 In="158" Out="160" />
    <T1655 In="110" Out="90" />
    <T1656 In="110" Out="90" />
    <T1657 In="110" Out="90" />
    <T1658 In="110" Out="90" />
    <T1659 In="110" Out="90" />
    <T1700 In="0" Out="0" />
  </Date>
  <Date value="10-01-2018">
    <T1400 In="10" Out="0" />
    <T1401 In="34" Out="14" />
    <T1405 In="41" Out="17" />
    <T1426 In="58" Out="23" />
    <T1426 In="62" Out="44" />
    <T1428 In="78" Out="47" />
    <T1430 In="91" Out="69" />
    <T1431 In="104" Out="89" />
    <T1433 In="187" Out="160" />
    <T1434 In="297" Out="230" />
    <T1435 In="297" Out="230" />
    <T1436 In="296" Out="220" />
    <T1437 In="298" Out="229" />
    <T1438 In="229" Out="182" />
    <T1440 In="119" Out="102" />
    <T1441 In="139" Out="122" />
    <T1442 In="241" Out="122" />
    <T1442 In="342" Out="222" />
    <T1443 In="341" Out="220" />
    <T1444 In="493" Out="362" />
    <T1445 In="493" Out="373" />
    <T1446 In="492" Out="370" />
    <T1447 In="490" Out="369" />
    <T1448 In="487" Out="364" />
    <T1449 In="481" Out="360" />
    <T1450 In="478" Out="350" />
    <T1451 In="478" Out="350" />
    <T1452 In="472" Out="350" />
    <T1453 In="470" Out="346" />
    <T1454 In="469" Out="349" />
    <T1455 In="462" Out="340" />
    <T1456 In="460" Out="340" />
    <T1457 In="458" Out="338" />
    <T1458 In="210" Out="113" />
    <T1459 In="210" Out="113" />
    <T1500 In="210" Out="113" />
    <T1501 In="219" Out="115" />
    <T1502 In="221" Out="116" />
    <T1503 In="221" Out="116" />
    <T1504 In="221" Out="116" />
    <T1505 In="221" Out="116" />
    <T1506 In="226" Out="117" />
    <T1507 In="229" Out="117" />
    <T1508 In="229" Out="118" />
    <T1509 In="229" Out="118" />
    <T1510 In="217" Out="155" />
    <T1511 In="307" Out="284" />
    <T1512 In="366" Out="377" />
    <T1513 In="383" Out="410" />
    <T1514 In="423" Out="589" />
    <T1515 In="425" Out="599" />
    <T1516 In="422" Out="580" />
    <T1518 In="418" Out="570" />
    <T1519 In="416" Out="560" />
    <T1520 In="414" Out="550" />
    <T1525 In="404" Out="540" />
    <T1526 In="403" Out="538" />
    <T1527 In="293" Out="226" />
    <T1528 In="294" Out="238" />
    <T1529 In="295" Out="240" />
    <T1530 In="295" Out="240" />
    <T1531 In="296" Out="242" />
    <T1531 In="295" Out="244" />
    <T1533 In="298" Out="246" />
    <T1534 In="298" Out="246" />
    <T1535 In="298" Out="249" />
    <T1536 In="298" Out="251" />
    <T1537 In="298" Out="251" />
    <T1538 In="301" Out="261" />
    <T1539 In="301" Out="262" />
    <T1540 In="303" Out="266" />
    <T1541 In="303" Out="266" />
    <T1542 In="303" Out="266" />
    <T1543 In="303" Out="266" />
    <T1544 In="303" Out="266" />
    <T1545 In="303" Out="266" />
    <T1546 In="486" Out="430" />
    <T1547 In="494" Out="436" />
    <T1548 In="494" Out="436" />
    <T1549 In="498" Out="439" />
    <T1550 In="498" Out="439" />
    <T1551 In="498" Out="439" />
    <T1552 In="498" Out="439" />
    <T1553 In="513" Out="449" />
    <T1554 In="513" Out="449" />
    <T1555 In="513" Out="449" />
    <T1556 In="522" Out="450" />
    <T1557 In="522" Out="450" />
    <T1558 In="528" Out="456" />
    <T1559 In="528" Out="456" />
    <T1600 In="527" Out="454" />
    <T1601 In="531" Out="457" />
    <T1602 In="531" Out="457" />
    <T1603 In="531" Out="457" />
    <T1604 In="531" Out="457" />
    <T1605 In="542" Out="478" />
    <T1606 In="542" Out="478" />
    <T1607 In="544" Out="480" />
    <T1608 In="544" Out="480" />
    <T1609 In="544" Out="480" />
    <T1610 In="544" Out="480" />
    <T1611 In="544" Out="480" />
    <T1612 In="553" Out="507" />
    <T1613 In="553" Out="507" />
    <T1614 In="553" Out="507" />
    <T1615 In="557" Out="516" />
    <T1616 In="557" Out="516" />
    <T1617 In="557" Out="516" />
    <T1618 In="557" Out="516" />
    <T1619 In="581" Out="550" />
    <T1629 In="558" Out="539" />
    <T1652 In="268" Out="670" />
    <T1711 In="688" Out="638" />
  </Date>
</Dates>